{
    "rmse": 0.6885203867087845,
    "mae": 0.5419111505673062,
    "r2": 0.2670398161437686
}